timestamp,gyrox,gyroy,gyroz,accelx,accely,accelz
2.459,-3.99,-35.77,-14.77,-0.4553,-0.8379,-0.02
2.571,-10.01,-20.16,-8.75,-0.3265,-0.8169,-0.0937
2.649,-6.79,-15.33,-19.46,-0.4568,-0.9511,-0.0698
2.813,6.65,-6.58,-53.97,-0.3787,-0.63,-0.1381
2.95,8.89,9.8,11.69,-0.0659,-0.5305,-0.2679
3.108,8.75,19.39,35.56,-0.0366,-0.8721,-0.1698
3.207,11.2,6.37,-38.36,-0.5251,-1.0892,0.0381
3.292,4.76,5.04,31.29,0.0063,-0.7579,-0.244
3.373,26.46,-12.6,-39.13,-0.5158,-0.9384,0.0039
3.534,50.26,-10.78,-8.54,-0.4831,-0.8262,0.0917
3.609,30.45,8.47,2.66,-0.3314,-1.1741,0.1854
3.83,-19.95,3.5,-13.72,-0.2294,-1.0024,0.061
3.91,1.54,-3.36,-14.63,-0.2796,-0.9765,0.041
4.026,18.9,-2.94,5.46,-0.2318,-1.0375,0.1425
4.132,24.08,-6.02,-23.8,-0.0586,-0.9833,0.1064
4.251,33.11,-18.69,-3.99,-0.0664,-0.9672,0.3304
4.371,41.16,-24.08,-4.2,0.0898,-0.6324,0.5549
4.493,99.61,-44.31,1.26,0.4187,-0.7993,1.6533
4.612,289.45,-172.13,80.43,-0.365,-1.871,1.14
4.732,101.5,-85.89,-111.65,0.1781,-0.7652,0.5592
4.852,-73.64,-18.41,-117.81,-0.0639,-0.4543,0.7798
4.975,-74.34,-23.8,-121.73,0.0561,-0.1205,1.1
5.094,3.36,-21.56,40.81,0.0166,-0.2313,1.161
5.212,25.9,-24.22,53.97,0.4636,-0.4626,0.9252
5.392,5.32,-52.92,130.83,0.4016,-0.2625,1.2961
5.513,-7.98,-71.12,99.89,0.3601,-0.3758,1.3483
5.632,45.64,-50.12,-46.83,1.9374,1.4362,0.5934
5.756,54.32,-2.59,-71.4,0.3045,-0.4558,0.6827
5.773,59.57,36.82,81.2,0.7837,-0.6129,0.8384
5.875,22.4,59.43,17.5,0.7676,-0.1908,0.7042
5.957,30.87,57.68,13.93,0.7017,-0.0673,0.7462
6.109,28.0,12.11,62.93,0.5617,-0.2259,0.9155
6.25,5.25,-0.07,32.2,0.4011,-0.1713,0.9428
6.414,3.29,6.93,114.59,0.5339,-0.3562,1.0643
6.492,-11.27,12.6,14.7,0.2591,-0.2372,1.0785
6.652,8.05,43.4,16.1,0.1157,-0.2045,0.9989
6.733,4.62,48.86,-31.08,0.0766,-0.2235,1.0185
6.85,6.93,51.8,-35.84,0.059,-0.2923,0.9755
6.912,2.66,51.24,-51.8,0.0468,-0.327,1.1551
7.068,4.06,33.6,7.14,0.2128,-0.2416,0.9814
7.15,8.82,16.1,14.35,-0.0732,-0.3152,1.0297
7.312,8.05,-24.01,-45.22,-0.0834,-0.3972,0.9687
7.405,-11.27,-32.06,-13.44,-0.1108,-0.3328,0.9618
7.549,-26.74,-19.25,-5.6,-0.1137,-0.3631,1.0292
7.63,-25.69,-13.23,14.63,0.0039,-0.3616,0.9697
7.789,-12.6,-10.78,5.04,0.0029,-0.3314,0.9384
7.931,10.22,0.49,-13.51,-0.0142,-0.4348,1.0189
8.091,4.2,-9.8,58.73,0.2733,-0.5885,0.9858
8.17,29.12,1.12,34.51,-0.1825,-0.2167,0.9872
8.393,21.07,-15.82,20.86,-0.2289,-0.2865,0.9628
8.511,13.86,-8.47,31.57,-0.121,-0.2904,0.9853
8.65,-3.15,-3.64,5.53,-0.1737,-0.3021,1.0482
8.815,-0.91,4.13,58.94,0.0547,-0.3597,1.0653
8.89,-7.84,0.49,47.88,0.0708,-0.222,1.0097
9.11,3.71,-22.4,76.09,0.041,-0.1518,0.9506
9.25,3.36,-35.0,67.55,-0.0703,-0.1376,0.998
9.411,-11.48,-10.01,89.11,-0.2538,-0.5022,1.1629
9.494,-36.26,8.61,143.78,0.0127,-0.7096,1.2678
9.611,-55.44,23.73,32.06,-0.2908,-0.2503,0.894
9.729,-13.16,35.28,109.55,-0.2128,-0.1654,0.7593
9.788,-2.73,32.62,64.96,-0.1835,-0.124,0.791
9.85,8.05,21.07,38.08,-0.1581,-0.0498,0.8115
9.909,11.69,7.98,31.71,-0.223,-0.2035,0.9633
9.969,4.97,-8.47,9.8,-0.143,-0.2611,0.9638
10.029,-10.64,-28.77,-19.81,-0.1913,-0.4309,1.0175
10.087,-29.4,-39.06,-36.54,-0.4197,-0.6437,1.2888
10.148,-41.44,-37.03,-38.01,-0.4192,-0.4309,1.1029
10.223,-38.36,-35.0,-49.84,-0.3582,-0.4582,0.9516
10.27,-33.81,-29.75,-60.27,-0.2845,-0.3245,0.8877
10.329,-24.36,-29.89,-51.03,-0.1083,-0.3133,0.6559
10.388,-23.45,-22.4,-38.15,-0.2899,-0.3709,0.6534
10.463,-40.46,-4.76,-40.11,-0.3284,-0.5285,0.5656
10.508,-59.92,5.74,-18.27,-0.1732,-0.9194,0.5836
10.583,-104.16,10.22,50.12,-0.0859,-1.2005,0.4343
10.63,-132.65,15.26,67.83,-0.0312,-1.402,0.4163
10.693,-183.12,10.57,40.88,0.0444,-1.7182,0.5549
10.748,-216.37,5.11,7.49,-0.2255,-1.4147,0.8843
10.823,-154.63,-24.78,22.61,-0.0454,-0.6368,0.2952
10.868,-106.26,-38.64,50.75,-0.2103,-0.5812,0.2167
10.93,-62.23,-57.26,-14.91,-0.1581,-0.5588,0.2001
10.988,-35.49,-63.91,-16.52,-0.3284,-0.7091,0.2381
11.063,-25.34,-59.01,-3.43,-0.326,-1.0341,0.3152
11.108,-23.94,-50.89,-3.71,-0.3704,-1.0268,0.3045
11.168,-10.5,-45.36,-10.01,-0.1918,-0.9965,0.2377
11.228,12.88,-35.7,-50.33,-0.2908,-1.1907,0.1693
11.303,34.58,-7.63,-11.41,-0.1932,-1.098,0.4431
11.352,67.48,4.48,-14.28,-0.1147,-0.9682,0.222
11.408,108.22,12.46,-8.96,-0.0483,-1.0526,0.0054
11.514,121.1,15.96,-43.4,-0.1083,-0.8774,0.3138
11.631,78.05,13.37,-11.97,-0.0551,-1.0321,0.0522
11.709,30.73,2.73,-22.05,-0.0254,-1.2488,-0.1181
11.873,-112.77,-22.47,33.11,-0.1488,-1.4425,0.1786
11.95,-158.48,-12.46,20.72,-0.3065,-1.2825,0.3504
12.109,-92.4,-19.25,-17.57,-0.2869,-0.6656,0.2855
12.191,-47.04,-22.26,26.88,-0.1688,-0.8267,0.2147
12.351,0.7,-9.45,-0.21,-0.0786,-1.2581,0.205
12.433,36.61,2.8,-6.58,0.0522,-1.0902,0.0547
12.591,167.79,40.18,-14.42,0.0298,-0.9789,0.0849
12.677,185.15,34.86,-18.34,0.0361,-0.8477,0.3958
12.829,151.41,-0.35,17.92,-0.0454,-1.1736,0.2298
12.907,77.98,-15.61,-15.82,-0.0874,-1.2849,0.1215
13.076,-149.24,11.41,34.65,-0.4802,-1.381,0.9287
13.25,-199.15,24.99,11.83,-0.2045,-0.6393,0.5646
13.313,-154.07,-11.62,-1.4,-0.0947,-0.568,0.4319
13.37,-93.24,-13.44,52.36,-0.001,-0.8999,0.4168
13.433,-59.99,-22.05,56.98,-0.0468,-1.0882,0.5431
13.49,-51.87,-27.44,12.18,-0.1728,-1.2161,0.5539
13.553,-43.4,-18.41,9.87,-0.4236,-1.4459,0.4163
13.611,-38.64,7.42,-11.48,-0.2835,-0.6978,0.2738
13.671,14.77,25.83,-35.91,0.0717,-0.4494,-0.0644
13.731,127.12,14.98,0.42,-0.0293,-0.8535,0.0522
13.791,201.32,11.9,-33.32,0.0512,-0.8906,0.5993
13.851,251.44,6.79,-1.68,0.1869,-1.0277,0.8233
13.911,266.77,-11.34,-28.63,0.1928,-1.1844,0.8306
13.971,248.64,-21.35,-72.73,0.2108,-1.343,0.9048
14.031,211.96,-25.83,-88.41,0.2342,-1.178,0.7935
14.091,165.83,-25.55,-129.01,0.124,-1.1863,0.7701
14.151,115.92,-19.11,-148.05,0.2294,-0.9877,0.8413
14.211,65.73,-20.79,-109.27,0.1698,-0.852,1.1522
14.271,13.09,-30.52,-88.55,-0.1649,-0.7784,1.0995
14.331,-36.19,-34.72,-123.2,-0.2533,-0.5534,1.079
14.391,-57.89,-37.73,-68.04,0.0678,0.0966,0.7915
14.451,-40.88,-3.78,-57.4,0.4817,0.3152,0.6759
14.511,12.04,24.92,126.84,-0.1869,0.4558,0.8623
14.57,15.75,26.95,39.2,0.9145,0.2015,0.9399
14.63,47.25,15.96,-80.92,0.5998,-0.0386,1.3454
14.693,57.05,1.68,-105.98,0.9179,-0.4119,1.016
14.751,20.37,-34.23,-94.5,0.5348,-0.5324,0.6407
14.811,-4.83,-70.42,-26.39,0.7798,-0.8359,1.2712
14.871,-43.96,-98.49,122.85,0.0415,-0.5197,1.2429
14.931,-58.52,-85.82,354.9,-0.4494,0.0917,1.2327
14.991,-29.33,-30.45,255.92,0.2386,0.1791,1.2649
15.051,13.44,-50.4,72.17,0.122,0.2874,0.8555
15.111,55.51,-81.55,177.52,-0.1972,-0.2079,0.9067
15.171,40.74,-68.67,142.03,-0.0073,-0.4416,0.8672
15.234,28.84,-26.53,-11.55,0.6964,-0.7349,0.6715
15.29,29.68,-18.34,8.47,0.2279,-1.138,0.6315
15.353,1.96,-21.0,27.44,0.4114,-0.712,0.7984
15.411,-4.27,-37.73,4.34,0.224,-0.4768,1.0077
15.595,-18.9,-18.83,78.19,0.6837,-0.161,0.4773
15.709,-3.99,-75.81,-268.38,0.3235,-0.9892,0.9638
15.729,-6.23,-31.5,94.22,0.161,-0.6583,0.9062
15.748,-6.65,-2.52,158.69,0.2913,-0.427,0.7627
15.795,0.0,2.8,-8.33,0.976,-0.1566,0.6974
15.95,-60.97,-17.01,-96.39,0.9697,-0.7257,0.813
16.032,-38.71,0.35,28.0,0.5612,-0.4353,0.6578
16.192,26.88,15.75,142.17,0.2796,-0.3128,0.773
16.273,57.47,6.02,177.38,0.5173,-0.2152,0.5744
16.489,13.86,2.24,48.72,0.3001,-1.1287,1.1131
16.57,-4.62,-7.63,99.12,0.489,-0.6144,0.8794
16.851,19.95,-23.38,-36.33,0.4221,-0.4163,0.6442
16.973,4.97,-45.71,-33.11,0.4148,-0.5173,0.8735
17.093,2.24,-19.6,4.69,0.6568,-0.9643,1.0385
17.151,-6.51,-8.96,10.36,0.6315,-0.5905,0.7681
17.275,-1.19,-8.68,16.1,0.2923,-0.5783,0.7588
17.396,20.58,20.72,-22.61,0.4646,-0.2821,0.5973
17.574,38.85,34.44,43.82,0.6041,-0.3582,0.8223
17.693,41.51,23.73,23.38,0.3928,-0.6608,1.1522
17.811,12.46,4.06,-38.15,0.0005,-0.264,0.9765
17.931,12.46,11.69,4.13,0.3177,-0.5134,0.9033
18.054,-4.06,13.37,-5.32,0.121,-0.3762,0.7462
18.172,2.17,7.98,15.4,0.5309,-0.5612,0.9887
18.294,-7.7,-3.15,-44.24,0.1864,-0.7174,1.0585
18.311,-13.86,20.93,-77.84,0.0947,-0.7457,1.18
18.412,-12.39,23.52,-18.2,0.792,-0.3558,0.894
18.593,-6.51,6.93,-3.71,0.1557,-0.0117,0.7008
18.709,23.24,20.09,11.48,0.2294,-0.2904,0.856
18.743,9.8,17.99,-5.46,0.2352,-0.3128,0.8735
18.773,9.24,13.65,10.36,0.344,-0.4065,0.9701
18.834,1.12,-19.95,-0.14,0.5431,-0.4031,0.9843
18.972,-14.35,-38.71,0.63,0.2679,-0.4719,0.9789
19.188,2.66,-15.12,-60.97,0.5417,-0.3992,0.8467
19.277,27.37,38.64,-7.0,0.102,-0.3011,0.7354
19.428,-30.66,63.14,80.85,0.3689,-0.67,1.0028
19.51,-60.27,45.15,-44.17,0.0625,-0.6632,1.0946
19.671,-5.32,42.63,-26.88,0.02,-0.468,0.8823
19.75,25.83,28.7,-4.48,0.1059,-0.3577,0.6891
19.91,14.91,-42.84,-32.48,0.1932,-0.3045,0.8252
19.992,43.96,-28.0,-34.65,-0.2621,-0.611,1.0458
20.149,45.78,26.74,-31.22,0.1405,-0.5363,1.0214
20.235,5.81,28.14,-104.58,0.2538,-0.5061,0.7813
20.449,20.65,12.39,-107.73,-0.0683,-0.0542,1.059
20.535,59.71,9.52,-25.55,0.0654,-0.04,0.8018
20.754,-140.98,-35.07,-226.66,-0.2274,-0.7686,1.0712
20.834,-100.45,-6.51,40.39,0.0464,-0.5305,0.8491
20.991,-26.67,17.57,-163.03,0.7427,-0.4992,0.7198
21.069,-70.35,17.36,-205.24,0.9467,-0.9209,0.5095
21.231,-127.68,-20.86,-129.08,0.5944,-0.9936,1.5518
21.409,-94.5,49.77,-6.79,0.4124,0.5314,-0.2084
21.533,-217.7,28.56,18.27,0.4329,-0.508,0.122
21.611,-52.92,98.91,64.19,0.2752,-0.9521,1.0238
21.769,68.11,102.41,-99.47,0.5744,-0.4314,0.7496
21.855,-14.49,39.41,-49.28,0.7832,-1.3776,1.2747
22.012,-76.44,-37.03,-166.53,0.5578,-0.3767,1.0155
22.137,12.88,6.65,-239.05,0.6261,-0.0122,0.2362
22.154,55.37,43.33,-93.87,0.7403,-0.041,-0.0264
22.211,66.36,11.41,62.37,1.32,-0.0961,0.5685
22.37,-42.56,-93.8,-23.52,0.4338,-0.0547,0.1025
22.452,-10.29,4.13,-14.91,0.7066,-0.1518,0.2757
22.613,7.21,82.18,11.27,0.6637,0.1157,0.2054
22.69,-31.57,11.27,91.84,0.8169,-0.5031,0.7232
22.853,-99.33,22.12,283.22,0.4309,-0.5192,1.0838
22.931,-40.18,65.66,82.04,0.6383,-0.7271,0.9862
23.089,99.33,-54.32,48.23,0.4616,-0.9126,0.6783
23.17,77.7,-118.09,13.44,0.3026,-0.8076,0.6754
23.33,16.87,-45.08,2.03,0.3045,-0.7315,0.7491
23.511,48.23,0.14,-27.02,0.9004,-0.3792,0.4358
23.65,24.64,4.13,35.07,1.3898,-1.3274,0.6939
23.809,26.53,-18.83,-34.65,0.7867,-0.3992,0.3016
23.89,29.96,-2.38,-24.01,0.9828,-0.429,0.6012
24.05,18.9,-19.53,10.99,0.4426,-0.3372,0.6881
24.132,5.04,-19.88,-20.37,0.6974,-0.2713,0.6695
24.353,-29.4,12.67,-23.17,0.6134,-0.1986,0.6451
24.439,1.12,28.35,-40.67,0.7076,-0.3904,0.5207
24.592,-41.72,-20.3,-5.46,0.7286,-0.4743,0.568
24.732,-82.25,32.06,2.17,0.5812,-0.4982,0.428
24.952,-124.25,-15.89,-56.91,0.7964,-0.9091,0.3938
25.029,-106.89,-23.03,19.53,0.5041,-0.9745,0.4412
25.192,-138.04,-57.19,-5.11,0.6827,-0.7559,0.1688
25.278,-94.85,-46.55,12.95,0.6427,-0.9575,0.2328
25.554,61.6,6.51,0.77,0.5168,-0.8989,-0.0947
25.915,28.7,16.24,6.02,0.5485,-0.8262,0.0844
25.991,20.3,3.64,-10.5,0.6139,-0.7964,0.2591
26.109,6.16,-12.11,-52.08,0.5617,-1.1346,0.4182
26.293,123.62,-15.12,-10.85,0.8516,-0.7745,0.3953
26.35,107.59,-44.73,-52.85,0.6598,-0.8008,0.3255
26.416,83.02,-71.4,-27.72,0.734,-0.8003,0.1659
26.473,53.9,-78.19,-43.75,0.5944,-0.7291,0.1869
26.529,31.64,-47.67,14.0,0.4875,-0.6817,0.1884
26.692,3.78,-22.33,-32.62,0.8438,-0.6681,0.3518
26.77,7.0,-16.87,-21.42,0.7798,-0.4455,0.2782
26.931,11.55,-1.68,-13.79,0.875,-0.5046,0.365
27.01,9.1,-3.64,11.48,0.8501,-0.5436,0.345
27.17,-0.21,40.25,54.81,0.5846,-0.7481,0.4817
27.265,-3.85,138.74,68.53,0.9287,-0.5944,0.5763
27.472,15.33,150.92,-13.86,0.4153,-0.591,0.5666
27.549,-6.09,67.69,-19.74,0.1576,-0.793,0.5607
27.713,0.35,95.06,148.68,-0.1684,-0.6251,0.8008
27.788,40.95,15.96,23.1,0.5295,-0.5339,0.7052
27.914,25.62,-143.29,-37.03,0.0332,-0.7935,0.7452
28.087,25.06,-87.36,25.55,0.1293,-0.5368,0.733
28.269,-9.03,-49.84,7.98,0.4709,-0.6803,0.6832
28.39,-8.75,-25.69,2.94,0.4412,-0.6227,0.4529
28.513,-104.3,-25.06,25.55,0.407,-0.7471,0.2962
28.57,-200.06,-50.54,-76.23,0.6212,-0.7271,0.2879
28.628,-220.15,-81.62,-102.55,0.4582,-0.6354,0.242
28.69,-165.62,-58.59,159.11,0.8037,-1.0272,0.1318
28.749,-174.09,-66.92,29.89,1.3361,-1.3264,0.2357
28.824,-106.68,-12.6,160.44,0.2474,-0.978,-0.1615
28.871,-55.79,7.98,153.44,0.183,-0.5241,-0.4475
28.974,1.68,-2.31,-6.65,0.3938,-1.1668,-0.5012
29.051,29.75,-2.87,-41.02,0.2552,-0.7027,-0.4177
29.213,146.09,52.64,-0.63,0.3035,-1.1429,0.02
29.296,60.06,56.98,-79.8,0.3665,-1.2259,0.1215
29.512,-36.89,4.48,13.23,0.2747,-0.7671,0.0059
29.589,22.75,4.69,5.53,0.4841,-0.8818,0.0708
29.751,-8.75,-30.66,-16.73,0.5339,-0.955,0.0459
29.832,-5.25,-37.24,-16.38,0.5675,-0.9018,0.02
29.991,26.53,-22.61,-26.32,0.5856,-0.9453,-0.0098
30.192,21.35,-5.32,-24.85,0.7359,-0.6993,-0.0566
30.409,-13.44,-8.68,47.53,0.6017,-0.9555,-0.0542
30.491,-70.28,-33.74,29.12,0.6232,-0.9941,-0.1308
30.651,-153.44,-65.38,-85.82,0.4455,-0.4538,-0.6451
30.729,-93.59,-64.89,-67.97,0.3245,-0.5856,-0.7442
30.952,-5.18,28.63,27.58,0.2303,-0.6871,-0.612
31.032,-9.38,53.76,46.83,0.4451,-0.672,-0.4997
31.19,-1.75,43.82,15.75,0.6085,-0.5954,-0.6739
31.27,38.29,35.49,34.58,0.5841,-0.5998,-0.7535
31.392,85.19,-0.91,-12.67,0.5905,-0.4729,-0.5466
31.494,54.11,-36.47,-65.8,0.6739,-0.8974,-0.6525
31.57,26.04,-56.63,-71.05,0.5836,-0.6237,-0.467
31.79,-3.43,-31.85,26.25,0.5192,-0.6876,-0.4943
31.885,-22.96,20.09,16.52,0.5163,-0.6149,-0.5939
32.096,-9.1,-3.15,0.7,0.6568,-0.5856,-0.527
32.172,-19.53,-24.5,-4.69,0.6612,-0.6939,-0.5065
32.45,8.4,14.98,19.67,0.6227,-0.629,-0.6007
32.53,21.0,-1.54,4.76,0.7349,-0.4719,-0.6281
32.69,43.96,-47.81,-61.18,0.7979,-0.5202,-0.5695
32.77,19.74,-11.27,-55.44,0.2855,-0.6324,-0.5051
32.93,-12.74,46.97,57.47,0.5217,-0.6744,-0.4587
33.07,-15.19,25.06,115.64,0.8125,-0.7261,-0.5324
33.232,-4.41,5.46,-26.81,0.4914,-0.7105,-0.5344
33.355,-13.51,1.26,-1.96,0.5597,-0.6715,-0.5183
33.531,-15.96,-8.82,-0.21,0.4836,-0.6969,-0.5675
33.652,28.28,5.46,-7.14,0.5549,-0.7266,-0.5051
33.771,50.89,15.12,15.96,0.7647,-1.0502,-0.1918
33.895,95.48,30.03,11.97,0.4309,-0.9272,-0.1059
34.135,89.04,-59.36,-65.45,0.5002,-0.9989,-0.0566
34.249,33.39,-62.16,-3.71,0.468,-0.8843,0.0259
34.266,-10.71,-43.68,-26.6,0.466,-0.8496,0.0259
34.283,-11.48,-34.44,-11.48,0.4372,-0.8384,0.02
34.33,-1.47,34.37,27.93,0.5061,-0.9077,0.0342
34.492,-70.0,49.35,4.27,0.5309,-0.8281,-0.1415
34.573,-132.37,28.56,1.47,0.5641,-1.0726,-0.1498
34.731,-120.82,23.1,58.31,0.266,-0.9038,-0.2967
34.813,-37.38,32.2,19.39,0.4343,-0.8779,-0.1932
34.971,-7.49,14.07,11.06,0.3728,-0.8237,-0.2625
35.053,0.35,-1.05,-9.73,0.4163,-0.8433,-0.3958
35.215,14.98,-2.52,-7.7,0.4358,-0.8716,-0.5212
35.332,23.45,23.38,-15.75,0.4602,-0.6905,-0.4514
35.455,41.44,56.91,-16.31,0.9008,-0.8642,-0.0966
35.634,91.7,161.14,-85.82,1.1649,-1.221,0.5954
35.756,125.79,175.63,-83.72,1.2224,-0.9008,0.9589
35.934,199.5,148.33,-191.03,1.0014,-0.1776,0.8794
36.112,199.08,121.24,-246.33,-0.9423,-0.1074,0.3382
36.234,28.28,396.48,-255.15,-1.2054,-1.4503,-2.3551
36.357,-203.7,129.57,-108.29,8.2145,-6.4748,-0.9711
36.472,-818.02,-843.57,131.74,-2.4786,1.4132,0.0224
36.588,-333.83,-269.08,626.01,1.3098,-3.7415,-1.1058
36.607,11.41,1.54,-73.29,2.3907,-4.4062,-0.6812
36.623,-131.11,-66.5,195.16,2.584,-4.6653,-0.4812
36.689,-276.15,-125.3,-113.05,2.0032,-2.3688,-0.3421
36.769,-66.08,-116.13,-129.71,1.9242,-1.9154,0.2406
36.803,0.91,-105.07,-240.94,1.1409,-1.5396,0.1025
36.85,51.94,-72.73,-221.69,0.692,-1.321,-0.0337
37.071,27.58,-19.04,-38.99,0.345,-1.1951,-0.1962
37.191,-33.53,-27.16,-113.82,0.285,-0.6329,-0.1391
37.313,12.46,37.17,77.98,0.7823,-0.6793,-0.3626
37.488,46.97,34.65,72.38,0.7671,-0.8154,-0.9726
37.504,51.1,-48.23,145.18,0.7261,-0.7627,-0.9843
37.521,63.07,-53.62,128.8,0.5329,-0.8091,-0.833
37.572,68.46,-48.3,173.25,0.4846,-0.9677,-0.3753
37.731,47.81,-40.32,33.81,0.3289,-0.8491,0.0854
37.812,30.66,-18.55,15.75,0.0727,-0.8276,-0.0888
37.97,16.66,31.01,67.41,-0.3255,-1.0087,0.0917
38.054,31.92,3.22,1.61,0.4187,-0.6769,-0.1562
38.214,-1.68,-12.74,-169.4,-0.1196,-1.3849,0.1825
38.291,-7.91,16.38,57.82,0.3836,-1.242,1.0531
38.51,44.45,18.9,-133.28,0.3148,-1.181,0.1698
38.59,-26.18,27.79,-60.06,0.2308,-1.3601,0.2811
38.75,8.26,61.39,-47.81,-0.0224,-1.1283,0.3396
38.83,42.49,66.43,19.53,0.3665,-0.7261,0.1937
38.947,-6.58,20.09,-161.07,0.5104,-0.7896,0.4255
38.993,-12.25,-14.63,8.61,0.7754,-0.9277,0.4402
39.111,-40.11,-33.46,-6.72,0.3626,-0.7632,0.447
39.231,-62.09,-23.38,-28.35,0.8989,-0.4704,0.3577
39.353,9.38,-15.4,-1.33,0.5749,-0.8564,0.3958
39.534,-26.25,-18.06,-18.62,0.5993,-0.6505,0.242
39.653,4.06,4.34,30.45,0.7515,-0.7501,0.1991
39.771,-23.94,-9.59,11.06,0.6012,-0.7198,0.2635
40.011,36.47,9.73,26.11,0.4626,-1.0907,0.1737
40.071,-78.75,-7.91,31.29,0.5514,-1.0712,0.1806
40.131,-115.92,-4.62,91.7,0.4538,-0.8657,0.1513
40.191,-116.27,4.55,21.0,0.4465,-0.6861,0.0298
40.251,-56.21,16.45,16.03,0.4182,-0.8779,0.0927
40.311,-14.91,23.59,12.88,0.4485,-1.0863,0.0605
40.371,-17.22,17.92,-18.9,0.3831,-1.0116,-0.0224
40.432,-20.02,15.33,-9.87,0.4939,-0.8862,-0.1293
40.55,-10.64,12.88,6.23,0.5285,-0.8994,-0.1254
40.732,-7.35,5.6,0.49,0.5573,-0.8652,-0.1327
40.854,-13.65,-2.24,-15.19,0.5822,-0.7725,-0.059
40.972,35.7,31.15,-32.55,0.6466,-1.0185,0.0815
41.089,35.21,71.82,-64.75,1.0258,-0.9404,0.3865
41.108,61.39,119.42,-83.93,1.0804,-1.0136,0.4841
41.125,78.54,130.76,-91.63,1.1556,-0.9648,0.5134
41.17,106.68,134.05,-86.24,1.1873,-1.0111,0.5109
41.392,121.66,97.93,-144.13,0.6993,-0.5988,0.6803
41.469,147.35,89.88,-111.58,0.6769,-0.0015,0.8667
41.634,147.35,159.88,-165.27,0.3109,-0.0956,0.7159
41.71,151.83,285.11,-222.11,-0.5119,0.1649,0.733
41.87,63.42,374.15,-123.55,-0.8086,0.5344,-1.1444
41.95,-21.0,143.43,-139.09,-0.977,-0.4333,-2.6415
42.169,-812.28,-501.62,295.89,-4.2964,4.5296,1.0414
42.25,346.01,-72.66,-706.79,-0.9604,-0.4553,-0.184
42.469,-260.54,-260.82,215.39,1.7783,-0.9326,0.0122
42.55,-147.42,-127.82,106.4,1.1209,-1.0912,0.1327
42.713,-98.77,-82.18,-84.91,1.0585,-1.5953,-0.5431
42.955,146.16,26.32,-4.55,0.1957,-0.7364,-0.3699
43.03,114.38,9.87,-41.72,0.7759,-0.7169,-1.1478
43.252,91.49,32.41,88.97,0.4114,-0.3567,-0.4436
43.334,-2.59,8.19,-61.39,0.5739,-1.32,0.3684
43.429,-42.77,12.6,12.04,0.4934,-0.4416,0.0107
43.463,-28.49,23.52,46.06,0.6256,-0.4499,0.0254
43.51,-22.68,17.71,39.06,0.8984,-0.5851,0.0371
43.629,-14.0,-24.64,-12.46,0.7544,-0.5993,-0.1981
43.731,5.6,-28.63,-26.74,0.6261,-0.9155,-0.2977
43.876,-7.0,-8.54,-23.66,0.3714,-0.8799,-0.1606
44.093,-24.22,3.15,-52.08,0.4953,-0.9692,-0.2508
44.17,-21.91,29.26,-9.87,0.6495,-0.812,-0.2826
44.337,-18.9,32.06,-3.29,0.9111,-0.8379,-0.2469
44.451,-36.82,-2.59,48.93,0.8106,-0.711,-0.4768
44.572,-35.28,-11.69,27.37,0.5866,-0.4758,-0.3465
44.691,-8.26,7.14,2.31,0.5519,-0.6344,-0.3196
44.874,-0.63,46.48,-28.0,0.7486,-0.609,-0.1713
44.932,6.16,56.56,68.32,0.7637,-0.6617,-0.1269
44.995,6.37,54.67,63.28,0.7096,-0.7178,-0.1898
45.053,21.77,61.53,48.65,0.4875,-0.5778,-0.2562
45.111,86.87,95.97,6.44,0.4685,-0.5085,-0.1044
45.235,131.46,111.09,-21.77,0.4031,-1.3313,0.5549
45.293,19.6,35.49,13.23,0.3426,-1.0111,0.1415
45.351,-28.35,4.48,16.45,0.5705,-1.0072,0.0088
45.411,-49.49,-15.19,74.69,0.3357,-0.9238,0.203
45.535,-55.16,-14.77,31.64,0.4314,-0.915,0.0088
45.593,-26.32,-26.46,8.61,0.3089,-1.0141,0.1962
45.651,-22.68,-23.73,3.99,0.2352,-1.0468,0.2616
45.775,-55.3,-13.58,-23.24,0.3665,-1.0707,-0.0283
45.89,-84.49,-18.27,2.94,0.5431,-0.7286,-0.4616
46.072,-30.94,-23.24,-9.87,0.3523,-0.7505,-0.446
46.19,-59.92,-40.46,13.65,0.3719,-0.7193,-0.3938
46.253,-1.19,-20.58,-18.83,0.3797,-0.9321,-0.466
46.368,-9.87,-22.61,-17.57,0.3743,-0.7427,-0.5822
46.389,-11.62,-21.7,-23.52,0.3479,-0.752,-0.5739
46.406,-10.29,-20.23,-39.41,0.347,-0.7305,-0.5539
46.511,-4.69,-9.66,-12.67,0.3333,-0.795,-0.5324
46.573,-9.59,-5.53,-22.68,0.3504,-0.7427,-0.5202
46.733,6.09,-4.27,-10.64,0.3963,-0.7574,-0.4987
46.81,5.04,-3.57,-10.64,0.3621,-0.7735,-0.5636
47.032,-35.14,40.04,14.21,0.4656,-0.9043,-0.5065
47.125,-48.23,103.32,54.6,0.5846,-0.4509,-0.5958
47.275,37.52,164.08,-0.49,1.1976,-0.9667,-0.1771
47.352,94.22,191.59,-73.71,1.2517,-1.1175,0.0283
47.511,184.8,187.74,-158.9,1.2703,-1.1258,0.4114
47.591,226.73,182.35,-171.57,0.9931,-0.6407,0.8452
47.689,204.61,205.8,-250.11,0.4543,-0.5524,1.0238
47.723,181.3,228.48,-259.0,0.2338,-0.6432,1.2263
47.833,157.29,379.4,-185.78,-0.4363,-0.2494,0.6744
48.052,-326.06,-111.93,102.55,-1.2073,-3.1901,-5.164
48.13,-1099.0,-1020.6,500.78,8.8987,-4.1875,1.8207
48.294,81.69,-100.94,-13.79,0.3479,-2.6396,-1.486
48.37,-83.09,-5.18,265.93,2.744,-2.3648,-1.7583
48.532,-154.07,-86.73,-1.33,1.5489,-1.3332,-0.2747
48.609,-47.25,-30.87,-68.95,0.507,-0.6744,0.0142
48.775,44.94,-47.95,-81.48,0.5158,-1.2595,-1.3976
48.85,74.41,-40.39,-71.12,0.3211,-0.9262,-1.1448
49.01,176.82,-107.8,47.25,0.6978,0.0473,-0.7535
49.095,190.05,-77.35,-61.74,-0.0098,0.1059,-0.9121
49.25,17.01,30.94,-45.36,0.9282,-1.5753,-0.3626
49.392,-38.22,130.13,-84.35,0.6886,-0.9106,0.8213
49.514,35.49,93.45,55.72,0.549,-0.2362,-0.2406
49.572,5.67,95.2,-101.78,0.5231,-0.6417,-0.2733
49.73,-96.04,69.3,73.08,0.7017,-1.2717,0.4494
49.814,-32.69,122.92,28.98,0.7257,-0.6603,0.0508
49.871,-3.29,91.56,6.79,0.4055,-1.1932,0.2011
49.933,17.01,71.82,103.18,0.2435,-1.0502,0.3406
50.089,-32.9,4.69,13.65,0.0532,-0.9179,-0.0259
50.171,-62.58,-33.18,145.18,0.4865,-1.2922,0.1845
50.293,2.45,-45.64,-19.53,0.0166,-1.3225,-0.1318
50.351,5.95,-66.78,66.01,-0.041,-1.1409,-0.1845
50.572,-3.57,-47.32,-60.76,0.3338,-0.8213,0.4821
50.649,-7.14,-66.5,-116.34,-0.0146,-1.1087,0.4812
50.87,64.4,21.42,-49.42,0.365,-1.0878,-0.1732
50.965,35.42,55.37,-72.24,0.1581,-0.6242,0.223
51.071,42.14,95.34,-10.01,0.1274,-0.5812,0.9443
51.189,102.83,99.54,165.55,0.3362,-0.7715,0.9477
51.249,117.88,45.85,157.71,0.5714,-0.7876,0.4577
51.354,57.19,-10.78,-75.32,0.5246,-1.0116,0.5607
51.431,55.37,-25.13,51.94,0.1879,-0.9423,0.4426
51.591,-15.19,-50.75,-154.21,0.5876,-0.1806,0.4553
51.67,-56.07,-63.56,-166.46,1.2307,-1.1932,1.1595
51.83,-103.67,-60.76,-55.3,0.3416,-0.4006,0.5998
51.911,-69.23,-18.97,88.13,0.3714,-0.8252,0.4851
52.071,-137.76,-1.61,1.54,0.4124,-0.8789,0.1191
52.152,-167.79,-6.58,-103.67,0.7764,-1.1512,0.1025
52.311,-119.49,-34.3,6.02,1.0033,-0.754,-0.2328
52.456,-56.7,3.71,2.73,0.5241,-0.5919,-0.3026
52.614,-33.6,12.32,16.24,0.5539,-0.7608,-0.5056
52.689,-28.28,24.85,4.27,0.548,-0.6632,-0.4636
52.849,0.0,69.65,29.4,0.7959,-0.7105,-0.3426
52.935,41.16,111.51,13.93,1.0263,-0.7047,-0.2879
53.089,125.79,162.82,-7.56,1.0721,-1.0116,-0.0185
53.169,145.81,154.7,-58.87,1.1488,-0.9409,0.2289
53.33,193.62,133.07,-96.25,0.8745,-0.4485,0.9838
53.411,176.19,128.17,-151.76,0.5153,-0.5807,1.1985
53.629,139.09,436.24,-300.02,-0.3704,-0.12,1.3806
53.715,9.31,565.18,-166.74,-0.3958,-0.2538,-0.3909
53.87,-230.02,-232.26,-70.84,-0.7149,-3.1642,-5.8506
54.051,-94.15,-524.02,-433.37,-2.7933,6.3103,0.4987
54.13,145.25,114.59,-26.95,1.6446,-1.9837,-1.0575
54.294,-282.1,-147.0,186.76,2.5986,-1.7861,-0.733
54.375,-238.21,-107.03,33.39,2.2341,-1.5836,0.2323
54.489,-72.87,-36.05,-46.62,0.6964,-0.8345,0.08
54.653,47.95,-22.4,-58.31,0.7579,-0.8721,-0.9653
54.73,108.71,-5.88,20.86,0.4612,-0.3884,-0.8882
54.848,129.22,-21.77,-8.96,0.1937,-0.1693,-0.5773
54.91,131.6,-16.66,-7.49,0.6388,-0.388,-1.0526
55.01,83.44,9.73,-45.64,0.6895,-0.487,-0.8867
55.092,15.96,6.02,31.57,0.8989,-0.2464,-0.4773
55.149,-13.86,4.27,11.9,0.7867,-0.4446,-0.2362
55.209,-36.96,18.13,35.42,0.6266,-0.9043,-0.2015
55.314,-37.38,21.42,41.16,0.8779,-0.7047,-0.0288
55.391,-15.26,22.19,12.39,0.5187,-0.7627,-0.2655
55.555,21.42,9.73,35.28,0.8716,-0.5226,-0.162
55.69,8.75,60.76,65.31,0.0468,-0.3802,-0.1884
55.851,-34.72,14.91,-44.17,0.734,-1.6319,-0.2689
55.972,-44.24,54.74,272.02,0.3035,-0.4041,0.0639
56.096,26.25,54.32,58.94,-0.2333,-1.3688,-0.0083
56.213,-8.47,-23.87,-23.8,-0.0791,-0.8194,0.0381
56.332,31.36,-15.61,-3.5,0.0356,-0.9414,-0.0615
56.451,66.99,42.98,-9.94,0.0922,-1.2566,-0.1576
56.572,41.3,48.23,54.67,0.0283,-1.1736,0.1581
56.752,-6.58,-6.44,-3.64,0.1098,-0.8686,0.3089
56.931,-11.9,10.64,61.11,0.063,-1.0121,0.0732
57.054,-23.31,-27.86,27.44,0.1132,-0.8706,-0.0586
57.071,-38.36,-30.45,24.08,0.1991,-0.8828,-0.0737
57.13,-38.29,-26.53,41.51,-0.1015,-0.9916,-0.1728
57.295,45.29,58.1,-66.5,-0.2045,-0.6051,-0.0976
57.373,-1.26,60.06,-110.74,0.0161,-1.4723,0.487
57.533,-31.99,9.52,-76.02,0.3611,-1.0106,-0.1269
57.614,16.66,20.09,18.48,-0.0195,-0.9843,-0.0039
57.895,-21.35,-20.93,-109.62,-0.2011,-1.2039,0.4675
57.969,75.46,17.78,49.77,-0.2338,-1.1751,0.4372
58.135,133.35,-15.4,150.99,-0.1649,-1.401,-0.0044
58.371,64.75,-102.69,-141.89,0.5768,-0.5222,0.2713
58.447,-31.15,-115.99,-460.11,0.6188,-1.5967,0.4968
58.493,-21.7,-125.3,-148.82,0.7017,-0.9428,0.4158
58.614,1.89,-67.9,40.32,0.5236,-0.7462,0.4773
58.791,20.86,17.15,-42.07,0.8574,-0.3762,0.3528
58.913,21.35,3.08,137.9,0.4792,-0.6578,0.5124
59.031,37.52,47.74,79.31,1.1844,-0.6481,0.6764
59.15,-88.41,-100.52,-83.16,0.3392,-0.4021,0.0834
59.185,-78.12,-70.7,100.52,0.5656,-0.4377,-0.021
59.215,-75.95,-45.43,42.7,1.0619,-0.6837,0.1313
59.269,-78.82,-60.34,43.75,1.1785,-0.8696,0.3382
59.351,-51.66,-16.24,5.39,0.6759,-0.53,0.0361
59.51,-24.78,42.07,-4.13,0.9087,-0.549,0.2469
59.605,-7.35,58.73,8.33,0.9858,-0.6242,0.1357
59.752,-10.01,47.46,-73.15,0.9335,-0.8384,0.0395
59.829,-11.2,66.08,-66.5,0.9848,-0.5358,0.2987
59.992,47.67,181.72,-94.85,1.3635,-0.7369,0.9262
60.069,140.7,198.87,-21.91,1.3498,-0.527,0.9057
60.291,228.2,168.98,-108.08,0.1566,-0.5607,0.4299
60.412,271.81,202.02,-129.08,-0.0117,-0.1308,0.2557
60.49,231.98,250.88,-125.86,-0.3109,0.1684,0.0039
60.653,144.97,372.26,-275.24,-0.3387,1.2556,-2.764
60.729,-95.13,-148.26,-195.65,1.2795,-2.4727,-4.7199
60.892,-1133.02,-727.37,571.48,2.5923,-1.2019,2.1506
61.089,150.85,-198.38,159.46,2.888,-3.2974,-2.5888
61.311,-40.11,-156.38,54.95,2.1545,-0.4631,-0.4939
61.395,49.49,-52.15,-55.51,0.976,-0.551,-0.2933
61.552,71.26,17.22,-131.6,0.2816,-1.0536,-1.2278
61.64,80.78,61.6,40.18,-0.2694,-0.9243,-1.0858
61.749,90.3,18.41,206.64,0.2762,-0.69,-0.7867
61.856,103.6,1.82,76.37,-0.3719,-0.3499,-0.5749
61.93,65.45,26.67,-31.22,0.0815,-0.6647,-0.4451
62.155,4.76,82.25,4.9,-0.0268,-0.5973,-0.3714
62.23,42.63,69.16,-248.78,0.3948,-0.2108,-0.1918
62.392,23.73,26.74,-175.14,0.7618,-1.5831,0.5724
62.533,97.79,55.3,-17.15,0.6632,-1.1756,0.2147
62.691,78.54,98.91,-13.93,0.3514,-0.5851,0.2006
62.773,36.33,37.73,30.66,0.7422,-0.8911,0.4729
62.869,-64.26,-40.25,-63.07,0.2079,-0.669,0.4782
62.938,-51.59,-12.6,-19.18,0.2572,-0.5905,0.4172
63.053,-31.64,-18.62,62.51,0.6364,-0.6486,0.3875
63.134,-40.74,-21.42,42.14,0.9033,-1.0468,0.711
63.351,41.58,-5.18,-19.88,0.5153,-0.5285,0.4036
63.433,-5.74,-6.09,-31.92,0.5305,-0.8994,0.4665
63.654,71.4,-134.33,-41.02,0.7452,-0.669,0.5153
63.731,36.68,-41.16,54.81,0.2381,-0.9867,0.3353
63.894,-27.72,5.46,-3.01,0.9755,-0.8886,0.2728
63.985,-38.71,76.93,-33.95,0.609,-0.5319,0.2894
64.198,-47.6,42.7,-1.26,0.5651,-0.8359,0.4616
64.311,-17.15,52.15,37.24,0.6432,-0.4963,0.307
64.389,-10.29,18.06,84.42,0.7218,-0.8345,0.4031
64.551,-56.7,12.53,19.04,0.7144,-0.7569,0.2059
64.633,-76.93,5.67,-83.09,1.2361,-0.6808,0.2416
64.789,-55.93,234.64,39.62,1.4357,-1.1175,0.4158
64.87,4.2,250.6,-94.57,1.279,-1.5523,0.6256
65.032,292.04,224.7,-53.9,0.9638,-1.8588,0.6412
65.17,318.71,178.36,-123.27,0.3782,-0.7291,0.2259
65.336,307.72,341.88,-132.16,-0.6393,-0.0278,0.0932
65.41,264.67,481.04,-124.95,-0.9428,0.0112,-1.3591
65.576,-110.39,13.72,-115.78,0.6071,-5.0498,-2.4951
65.695,-1064.14,-800.24,421.82,0.3845,1.6353,2.1872
65.873,-903.42,-382.55,334.46,2.8353,-3.252,-2.7958
65.992,-76.86,-298.69,241.15,2.357,-1.7251,-1.7202
66.173,-147.35,-185.08,217.49,1.0746,-0.8301,-1.0219
66.352,40.11,37.8,-57.47,0.2503,-0.5612,-0.7344
66.471,175.91,130.9,115.78,0.4709,-0.9706,-0.6632
66.592,259.35,116.48,128.17,0.4685,-1.6958,-0.1322
66.713,234.71,148.96,157.36,0.081,-1.1966,0.2699
66.833,134.26,155.12,159.18,-0.1972,-0.5656,0.1508
66.949,80.71,125.86,76.44,-0.4534,-0.4255,0.3231
66.966,31.92,53.34,65.38,-0.6598,-0.3543,0.3016
66.983,24.78,41.37,59.01,-0.7047,-0.3314,0.2908
67.137,0.42,20.51,43.61,-0.8657,-0.164,0.2611
67.253,-26.74,14.21,-3.29,-0.9916,-0.3694,0.2957
67.33,-29.75,17.78,36.96,-0.9775,-0.2123,0.1776
67.494,-17.08,3.71,21.21,-0.9194,-0.1279,0.0712
67.57,15.68,8.96,27.72,-0.8462,-0.1562,0.0615
67.735,-0.77,-68.11,-65.59,-0.3333,-0.102,0.2479
67.813,43.26,-89.32,-319.69,-0.8691,-0.1645,0.2528
67.943,51.8,-48.23,-36.12,0.5314,-1.3976,0.8813
67.99,21.98,-75.18,-147.77,-0.6173,-1.3161,0.2996
68.155,84.98,-97.23,18.34,-0.1186,-0.7505,0.8725
68.245,43.54,-86.52,-14.14,0.0649,-0.8623,0.5827
68.392,22.61,-58.24,-87.85,0.5666,-0.3919,0.5348
68.47,36.75,0.84,-171.92,0.3367,-0.2308,0.8003
68.691,-84.56,-26.11,-35.56,0.4216,-0.5724,0.9765
68.769,-111.58,-71.26,10.15,-0.0337,0.1615,0.7379
68.894,-110.95,-34.44,10.78,0.5714,-0.8574,0.8413
69.009,-132.37,-63.56,-59.78,0.4046,-0.5563,0.3538
69.071,-99.75,-54.67,2.45,0.4075,-0.3401,-0.0107
69.172,-82.46,-48.93,25.48,0.712,-2.0564,-0.4695
69.29,-217.42,-66.92,52.29,0.7149,-0.2528,-0.3562
69.353,-110.53,-27.09,34.86,0.5549,-0.6027,-0.5417
69.476,-25.69,-7.28,-17.08,0.6739,-0.8472,-0.3201
69.716,-12.11,-14.07,-9.24,0.4768,-0.732,-0.5246
69.836,18.34,-12.88,-20.93,0.2957,-0.7017,-0.7047
69.95,6.72,0.7,-4.41,0.4494,-0.6544,-0.6954
69.984,7.63,24.99,7.84,0.4621,-0.6798,-0.6505
70.012,5.25,41.65,15.82,0.4958,-0.6466,-0.5802
70.09,8.4,74.34,-5.67,0.5378,-0.6959,-0.3743
70.254,67.55,134.05,-61.6,0.9506,-0.9906,-0.0712
70.332,106.96,120.47,-45.15,1.0097,-0.9833,0.0093
70.493,149.8,103.95,-73.5,0.9897,-0.976,0.5427
70.569,181.37,121.03,-101.71,0.9096,-0.7052,0.6983
70.627,201.88,138.39,-143.43,1.056,-0.5646,1.0316
70.732,198.94,151.97,-198.8,0.5124,-0.4089,0.9545
70.854,193.69,206.29,-216.79,-0.3582,0.4177,0.7808
70.977,196.21,402.36,-195.23,-0.1225,0.7842,0.0337
71.095,140.77,400.33,-216.3,-1.1614,-0.364,-3.3765
71.112,-99.47,61.18,-133.63,-1.3586,-0.5719,-3.926
71.171,-454.09,-377.58,231.42,1.239,-5.7833,-4.0621
71.391,244.3,-16.94,260.05,-1.1746,-3.3462,-2.3819
71.475,-73.57,-32.69,60.48,1.3083,-2.2746,-2.0911
71.634,-184.73,-70.07,105.14,1.9949,-1.7592,-0.0673
71.708,-85.82,-41.16,7.56,1.1278,-0.7749,0.0429
71.813,35.07,-57.33,-49.98,0.6749,-0.9174,-0.4592
71.89,67.48,-95.27,-66.85,0.2889,-1.039,-0.6939
72.051,78.75,-27.93,81.27,0.264,-0.6422,-0.5539
72.13,87.71,-40.46,101.71,0.589,-0.304,-0.3167
72.293,19.25,-4.48,-13.72,0.286,-1.6802,-0.3665
72.389,33.25,66.64,5.11,0.7593,-0.5134,-0.2796
72.534,21.84,232.96,222.53,0.2669,-0.7442,-0.0669
72.613,4.48,162.4,157.78,1.016,-0.9511,0.2108
72.773,-23.52,1.96,41.44,-0.062,-1.1663,0.1254
72.854,-20.02,45.99,87.08,-0.0615,-1.1946,0.122
73.014,-44.45,52.36,16.1,-0.1996,-1.0658,-0.0029
73.132,-7.0,33.81,-38.43,-0.0161,-0.9697,0.2035
73.255,35.07,38.29,-48.65,-0.2738,-1.0355,-0.0644
73.436,30.52,-26.6,-24.36,-0.0102,-0.8433,-0.0532
73.554,52.99,-27.3,-22.4,0.2806,-1.4572,0.1484
73.672,-20.09,-33.46,17.85,0.1464,-1.4747,0.3762
73.797,-10.57,-44.31,-37.03,0.3314,-0.7242,0.1566
73.917,52.01,51.38,-80.99,0.2294,-0.8325,-0.0464
74.092,43.12,33.95,106.89,-0.2035,-0.5505,0.2635
74.21,-1.26,7.63,14.63,-0.2279,-1.1434,-0.0664
74.244,33.04,25.2,86.59,-0.2216,-1.3532,-0.2123
74.275,20.93,31.15,58.38,0.081,-1.2342,-0.1679
74.333,-25.55,25.2,-49.98,-0.2352,-1.2254,0.2542
74.41,17.71,25.2,95.76,-0.039,-0.9511,0.1518
74.574,73.15,76.86,234.22,-0.6739,-0.6734,0.3431
74.649,92.19,85.96,59.78,-0.7993,0.0381,0.0527
74.814,13.58,2.31,25.83,-1.0024,-0.7862,0.1645
74.891,7.0,-47.67,4.55,-0.5919,-0.547,0.1318
75.049,-1.33,-48.65,0.49,-0.591,-0.8594,0.1845
75.135,-21.07,-31.5,-26.74,-0.8316,-0.9033,0.3611
75.29,-13.02,32.69,35.28,-0.4109,-0.6959,0.1542
75.37,-40.6,-7.0,-114.38,-0.4573,-0.7618,-0.307
75.59,66.57,-36.4,60.2,-0.6495,-1.0004,0.0927
75.713,-22.61,-49.07,95.55,-0.669,-0.3762,0.2079
75.854,-22.75,11.27,63.56,-0.7862,-0.4333,0.2176
76.016,-40.32,108.57,95.76,-0.2767,-1.4513,0.366
76.09,-1.47,31.36,27.72,-0.1908,-0.466,-0.1815
76.249,-6.65,-54.18,-131.39,-0.4958,-1.017,-0.002
76.33,-75.95,-51.87,-73.92,-1.0185,-1.6768,0.3958
76.492,-47.39,-35.98,14.28,-0.0444,-0.8037,0.2128
76.618,15.33,-77.7,-251.37,-0.2655,-1.3513,0.1547
76.733,46.06,-88.55,-252.77,-0.4719,-1.1517,-0.0547
76.853,81.83,29.68,-87.15,0.002,-1.0141,0.0649
77.032,15.96,-41.44,-6.65,1.1331,-0.5822,0.548
77.216,-17.57,-95.55,12.25,0.5578,-0.5919,0.1454
77.453,-54.88,-54.81,20.65,0.6115,-0.7022,-0.3162
77.577,-5.88,-27.58,-11.48,0.5602,-1.3449,-0.061
77.753,-79.87,-18.34,-150.29,0.4504,-0.8613,-0.4616
77.936,-76.44,22.12,51.8,0.8418,-0.3357,-0.5934
78.052,-37.24,31.85,22.82,0.7876,-0.4582,-0.4612
78.171,-31.92,20.51,28.21,0.6793,-0.489,-0.5373
78.292,7.56,40.53,76.44,0.8316,-0.4831,-0.3235
78.411,4.69,56.14,-21.42,0.8408,-0.6881,-0.0932
78.532,69.37,148.96,20.93,1.1468,-0.9789,0.2591
78.715,120.26,175.0,-34.16,1.18,-0.8584,0.7266
78.829,193.83,199.08,-139.93,0.8711,-0.5085,1.2312
78.862,206.08,223.02,-223.72,1.0165,-0.3143,1.0424
78.897,196.14,248.15,-238.56,0.7979,-0.243,0.8057
78.953,139.72,367.15,-177.17,0.2162,-0.1161,0.6037
79.035,120.75,496.3,-200.41,-0.0244,0.5729,0.5475
79.25,-429.03,-411.39,212.03,-0.7964,-3.3818,-3.0446
79.392,29.68,-646.24,-446.67,-7.9349,1.546,0.3948
79.551,21.84,-7.35,115.29,0.4426,-0.9496,-0.6032
79.629,-165.41,-87.43,232.54,2.7074,-1.6812,-0.8028
79.853,-149.87,-108.43,1.89,1.5245,-1.1331,-0.2167
79.933,-53.55,-71.82,-66.36,1.0507,-0.8555,-0.1025
80.091,42.49,-17.5,2.1,0.4836,-0.7427,-0.1137
80.272,58.8,-8.26,56.77,0.7159,-0.6193,-1.096
80.393,114.31,-28.63,55.3,0.6871,-0.1166,-0.4207
80.509,148.05,-38.99,-25.27,0.408,-0.9989,-1.1004
80.526,125.72,-3.64,-42.07,0.3553,-1.1214,-1.1156
80.547,85.75,13.86,-7.84,0.3753,-1.2249,-1.0458
80.65,13.79,0.21,235.69,1.0643,-1.0887,-0.2533
80.725,-2.87,25.69,146.44,0.4211,-0.8877,0.3558
80.929,-1.82,36.4,-56.56,0.3606,-0.7984,0.1591
81.115,-60.83,-10.64,165.83,0.4504,-1.3064,-0.1967
81.192,-3.15,22.54,-119.35,-0.0976,-0.4997,-0.2098
81.354,29.4,96.18,-44.87,-0.936,-0.6076,-0.222
81.535,54.18,42.98,-124.88,0.9589,-0.9135,1.506
81.61,14.49,-41.3,-83.44,0.1991,-1.0726,0.4207
81.685,23.94,-17.92,52.85,-0.4065,-1.7173,-0.3987
81.831,-56.91,-52.64,-92.05,0.102,-1.3742,0.0171
81.925,-38.57,-7.35,-81.27,0.5963,-0.9194,0.2128
82.073,38.92,48.02,-150.22,0.3123,-0.6852,0.1298
82.251,-5.25,21.77,52.92,0.7813,-0.2777,0.2508
82.33,26.6,14.7,9.1,0.7886,-0.5051,0.183
82.549,-22.47,-22.33,15.4,0.4734,-0.7652,0.2708
82.732,-26.25,-18.27,-26.39,0.1996,-0.5954,0.1596
82.913,12.67,39.34,111.44,0.0869,-1.157,0.1991
83.035,-45.15,40.74,-8.12,0.3855,-0.9872,-0.1142
83.153,-50.96,35.56,57.47,0.2879,-1.1639,0.1864
83.336,-57.68,41.58,-9.17,0.2704,-0.794,0.0795
83.393,14.63,36.12,25.9,0.3201,-0.7505,0.1454
83.513,27.86,21.07,6.65,0.3065,-0.9179,0.3475
83.638,32.62,13.37,49.84,0.0283,-1.4152,0.1098
83.752,-9.59,8.82,67.27,-0.1513,-1.1317,0.0556
83.872,-11.34,-4.27,-4.55,-0.1054,-0.8438,0.2367
83.992,7.84,-6.44,28.0,-0.1108,-0.9101,0.1166
84.111,-14.56,-0.63,-14.56,-0.1098,-1.0292,-0.1352
84.231,-24.64,4.27,34.3,-0.3909,-1.2869,-0.2289
84.294,-41.79,24.08,14.77,-0.205,-1.2473,-0.244
84.351,-46.69,22.61,47.18,-0.1645,-1.0394,-0.3123
84.411,-41.37,14.14,30.24,-0.1069,-0.731,-0.1552
84.474,-32.62,3.08,19.67,-0.1396,-0.6978,-0.1498
84.597,-26.67,-3.71,26.18,-0.101,-0.8081,-0.2259
84.833,-33.04,7.49,-27.93,-0.2308,-0.7379,-0.9033
84.952,-78.47,30.24,31.08,-0.6895,-0.955,-0.8584
85.012,-128.24,41.44,-20.58,-0.5563,-0.4895,-1.1849
85.194,-6.72,-111.51,97.79,-2.4288,-0.9999,-0.5358
85.373,36.19,19.39,40.39,-0.632,-0.9906,-0.7354
85.497,9.52,-4.34,-83.37,-0.3587,-0.6754,-0.4577
85.612,26.04,-8.82,-18.27,-0.2743,-0.3924,-0.286
85.733,35.0,-19.25,-11.27,-0.4172,-0.7427,-0.5695
85.912,-15.33,-59.08,-166.81,-0.3055,-0.7837,-0.5866
86.093,-7.07,-90.51,-66.99,-0.4587,-0.7745,-0.5051
86.154,-29.47,-99.82,-141.19,-0.5573,-0.8072,-0.5714
86.269,-20.37,-81.06,-122.29,-0.2342,-0.8657,-0.6476
86.337,-4.76,-66.08,-24.15,-0.1645,-0.8081,-0.7227
86.452,4.69,-70.0,-70.07,-0.1742,-0.6271,-0.7496
86.573,27.02,-58.45,-89.74,-0.0766,-0.8154,-0.833
86.752,29.05,-35.0,-43.12,0.2777,-0.832,-0.5666
86.932,-29.05,-20.58,-92.05,0.4299,-0.6603,-0.5963
87.052,-23.38,39.55,37.66,0.4275,-0.63,-0.4724
87.173,-21.07,32.69,17.01,0.5295,-0.669,-0.5417
87.293,-11.41,2.03,28.42,0.3196,-0.4538,-0.6539
87.414,25.83,1.89,23.31,0.1981,-0.8794,-0.6964
87.534,62.23,1.82,17.78,0.0698,-1.1283,-0.4919
87.655,49.28,4.48,-11.06,0.2904,-1.1014,-0.2133
87.712,46.06,4.34,17.08,0.2523,-0.8979,-0.1601
87.838,60.48,-1.26,-18.13,0.1679,-0.8813,-0.1132
87.952,63.7,0.98,-11.48,0.1479,-1.2712,0.0649
88.073,66.08,16.66,-14.49,0.345,-0.9731,0.1479
88.193,87.5,15.26,-48.79,0.4494,-1.1624,0.063
88.256,78.61,-8.26,-8.96,0.6398,-0.8969,-0.1274
88.372,54.11,-42.49,-99.19,-0.0366,-0.4504,0.3187
88.492,32.06,15.54,-251.3,0.1015,-0.0966,0.5256
88.673,44.24,39.9,234.85,-0.2274,-1.9593,0.387
88.793,-21.91,47.67,250.46,0.1313,-1.5997,-0.0195
88.915,-64.05,0.28,53.27,0.1776,-0.9467,0.2943
89.038,-46.55,-17.64,62.79,-0.0693,-0.4524,0.5275
89.152,-36.05,5.88,-26.18,-0.2059,-0.9496,0.0142
89.272,-60.06,17.22,-73.01,-0.8115,-0.6144,-0.2694
89.397,-37.31,88.41,60.76,-0.8447,-0.7837,-0.2176
89.513,12.18,81.48,77.63,-0.3587,-0.8433,-0.2791
89.629,-11.48,17.57,51.73,-0.6564,-0.6364,0.0468
89.664,-12.18,14.91,56.49,-0.5915,-0.3362,-0.059
89.694,0.21,12.6,34.72,-0.5768,-0.1835,-0.1225
89.749,43.12,14.98,-12.88,-0.7564,-0.3992,-0.0181
89.835,58.45,29.54,-31.01,-0.7462,-0.5544,-0.529
89.947,87.78,22.68,-53.55,-0.7422,-0.5905,-0.5407
90.115,71.05,17.01,-51.73,-0.4304,-0.8047,-0.2001
90.232,14.07,-20.44,-29.47,-0.2025,-0.6876,-0.1776
90.352,50.54,-103.88,-66.15,-0.5783,-0.792,0.08
90.473,63.28,-105.21,-95.83,-0.222,-1.2693,0.2508
90.653,-5.53,-97.3,-30.8,-0.121,-1.422,0.1283
90.769,-63.07,-70.42,58.59,0.0932,-0.9594,0.083
90.788,-89.32,-58.94,63.91,0.0234,-0.8691,0.0468
90.805,-77.77,-55.23,3.15,-0.0268,-0.7271,0.0171
90.852,-42.28,-47.32,-25.9,-0.183,-0.5592,-0.1396
91.013,8.96,-30.31,74.06,-0.0312,-1.2268,-0.123
91.09,-21.07,-20.65,14.56,-0.1845,-1.079,-0.0278
91.256,-12.95,-3.99,-8.47,-0.3958,-0.8233,0.1806
91.432,33.11,-53.06,-70.21,-0.3211,-0.7774,0.0386
91.511,29.05,-68.67,6.86,-0.2674,-1.1468,0.1078
91.677,19.6,-37.73,-0.84,-0.162,-1.1117,0.2786
91.751,2.66,-16.59,-13.51,-0.0224,-1.5309,0.1981
91.91,26.11,-39.55,-54.46,-0.1806,-0.7364,0.5095
92.033,38.71,-35.63,-48.72,-0.0346,-0.7896,0.2303
92.273,-21.07,-53.83,42.98,-0.2494,-1.4703,-0.0078
92.395,-72.24,-49.42,96.53,-0.1513,-1.1263,0.2865
92.511,-102.13,-48.65,28.21,-0.0371,-0.4402,0.3094
92.635,-58.24,-43.12,25.69,-0.1347,-0.793,0.242
92.692,5.25,-44.59,-0.49,-0.1967,-1.1448,0.1708
92.753,4.2,-33.88,-19.25,-0.3055,-1.0985,0.3074
92.816,5.11,-7.14,-44.73,-0.3611,-1.5645,0.0781
92.874,0.35,29.82,-33.53,0.0561,-1.2312,0.0854
92.932,18.76,40.95,-3.29,-0.1459,-1.1614,-0.1913
93.056,47.88,45.99,-38.08,-0.0947,-0.8272,-0.0142
93.112,71.82,63.56,-41.72,-0.3226,-0.8662,0.0073
93.175,63.63,72.52,-61.18,-0.2674,-0.7915,-0.3416
93.231,64.82,74.41,-26.04,-0.1523,-1.0785,-0.3714
93.292,61.04,50.54,24.5,-0.1552,-1.2751,-0.7052
93.416,40.95,14.35,27.09,-0.5993,-1.3069,0.2108
93.471,-36.05,-31.15,38.15,-0.1645,-1.1283,0.6593
93.531,-63.91,-42.91,86.73,-0.4709,-0.7144,0.347
93.594,-52.29,-23.45,13.44,-0.06,-0.5832,0.367
93.651,-16.03,-23.1,-5.25,-0.2377,-0.6573,0.425
93.711,1.19,-11.83,-19.88,-0.1757,-0.651,0.2269
93.774,16.17,3.01,-4.76,-0.0468,-1.3913,-0.101
93.832,-6.16,4.62,22.26,-0.1649,-1.5699,-0.1459
93.892,-41.37,12.67,7.98,-0.2733,-1.2703,-0.0327
93.952,-50.26,20.58,-8.12,-0.3006,-0.9536,-0.184
94.015,-30.87,26.11,2.17,-0.1069,-1.0394,-0.4782
94.073,-20.72,20.16,10.5,-0.1401,-1.5006,-0.184
94.136,-54.32,22.33,24.08,-0.1923,-0.9975,-0.0327
94.193,-77.7,32.27,11.69,-0.4934,-0.67,0.12
94.311,0.7,27.37,45.15,0.2943,-0.7837,-0.1459
94.373,52.29,-39.13,-14.07,0.2738,-0.8242,0.1362
94.436,68.25,-101.57,-32.62,-0.1181,-1.2517,0.0547
94.491,75.18,-122.71,-55.3,0.0766,-1.3332,-0.0337
94.551,76.23,-151.9,-18.76,-0.4514,-1.1536,0.1771
94.611,65.45,-130.2,-137.97,-0.5588,-1.1214,0.183
94.733,60.13,-47.39,-94.01,-0.2098,-0.754,0.2645
94.85,37.17,-13.02,-153.93,0.3553,-1.079,0.4675
94.913,-5.32,18.62,58.59,0.2908,-1.1863,0.4192
95.036,-67.13,43.47,63.0,0.1645,-1.3498,0.1732
95.153,-132.44,155.12,105.28,0.0288,-1.1326,0.3294
95.333,-104.79,223.79,68.67,0.6281,-0.9204,-0.0312
95.454,6.72,145.32,31.36,0.6622,-0.8813,-0.4875
95.576,24.43,98.21,-8.26,0.3933,-0.8872,-0.4519
95.694,58.59,45.85,-16.8,0.365,-1.2566,-0.243
95.812,20.16,29.54,13.3,0.264,-1.0604,-0.243
95.933,-3.22,14.7,25.55,0.0693,-0.9501,0.3231
96.054,-3.01,27.58,10.22,0.1932,-0.8154,-0.0956
96.237,2.38,4.76,-39.48,0.0844,-0.8965,0.2103
96.412,-12.88,11.41,-3.22,0.06,-1.6382,-0.1698
96.529,-18.06,34.09,29.05,-0.2952,-1.0921,-0.3309
96.567,-2.73,34.23,-66.08,-0.0454,-1.079,-0.3831
96.598,15.89,29.96,-26.74,0.0049,-1.1624,-0.3035
96.654,11.76,15.82,25.2,-0.2689,-0.9536,-0.181
96.731,-6.23,22.68,8.05,-0.2079,-0.6744,-0.1596
96.95,-22.05,-2.17,71.68,-0.1449,-1.1034,-0.307
97.035,-39.9,-23.52,81.27,-0.2601,-1.4528,-0.2908
97.193,-59.43,25.83,45.71,-0.8072,-0.5495,-0.1147
97.287,25.13,32.76,20.37,-0.5192,-0.2928,-0.2689
97.374,60.55,6.79,-19.67,-0.1405,-0.5412,-0.242
97.509,60.76,-11.97,-43.75,-0.3665,-0.6749,-0.8228
97.586,10.78,-30.31,-70.7,-0.7056,-0.8301,-0.4377
97.67,-7.56,-60.13,14.21,-0.3416,-0.7232,-0.489
97.756,-3.71,-101.01,13.44,-0.1215,-1.1117,-0.2552
97.872,-91.84,-70.49,43.05,-0.6139,-0.9721,0.4055
97.994,-56.7,-16.59,6.37,-0.4538,-0.8154,-0.3123
98.049,-37.8,-15.68,22.68,-0.3357,-0.957,-0.6793
98.111,-31.92,-22.61,-9.52,-0.4597,-0.9326,-0.5446
98.173,-23.03,-29.12,-14.7,-0.6661,-0.8677,-0.0693
98.228,-11.76,-22.12,-0.07,-0.4738,-0.8042,-0.2752
98.334,26.67,-6.09,-47.88,-0.7222,-0.6393,0.1166
98.412,156.52,72.24,21.28,0.3338,-1.889,0.8413
98.573,219.73,32.2,-131.95,0.7422,-2.1423,0.2865
98.65,162.89,-14.91,-203.77,-0.2186,-1.5113,0.2664
98.871,131.88,-105.77,-99.05,0.6603,-0.7213,0.833
98.993,100.24,-132.93,-30.73,0.5666,-0.4153,1.0521
99.131,-5.04,63.91,-166.67,0.4426,-0.6486,0.7564
99.293,-22.33,25.27,206.78,0.5514,-0.0708,0.7486
99.37,-52.57,35.56,-16.59,0.3523,-0.0834,0.8706
99.53,-13.37,29.61,-21.07,0.5207,-0.4695,0.8847
99.611,-25.2,3.78,-129.5,0.875,0.244,0.466
99.832,-52.71,115.5,134.47,0.2664,-0.4651,1.2517
99.909,-8.75,138.67,-2.1,0.0102,-1.0409,1.0097
100.074,72.52,93.17,14.77,-0.3845,-0.7959,0.4353
100.15,93.38,46.48,182.7,0.5714,-0.3504,0.1459
100.313,6.44,-11.06,128.45,-0.5505,-0.6212,0.2162
100.39,25.41,-46.27,-118.16,-0.449,-0.7403,0.6852
100.553,92.96,-114.38,-253.4,0.3016,-0.5456,0.8086
100.635,86.03,-106.47,-190.96,0.0898,-2.2282,1.0594
100.856,-153.86,-139.86,-10.64,0.3626,-0.4104,0.2333
100.93,-177.59,-86.45,197.75,0.7266,-0.8838,0.4758
100.991,-196.14,-50.61,98.56,0.5602,-0.9209,0.0888
101.054,-172.48,-26.6,58.03,0.7969,-1.0194,-0.1166
101.109,-126.28,-5.88,-2.31,1.1595,-0.9111,-0.2328
101.169,-88.34,37.94,42.14,0.7666,-1.0736,-0.4104
101.231,-83.51,57.33,107.1,0.7349,-1.4518,-0.0581
101.39,-16.52,35.91,16.73,0.3694,-0.649,-0.2816
101.474,-1.33,15.96,-68.32,0.3548,-0.913,-0.2538
101.633,6.37,8.12,-11.48,0.5373,-0.6608,-0.3572
101.771,55.51,20.79,-37.17,0.6124,-0.4856,-0.5597
101.993,-19.18,-28.98,4.55,0.8979,-0.6139,-0.3821
102.07,-36.61,-31.64,-14.91,0.6271,-0.5529,-0.4914
102.234,-1.96,-6.3,-15.26,0.6442,-0.752,-0.2601
102.31,-6.86,-12.46,6.44,0.5431,-0.7525,-0.3157
102.428,-0.07,-23.94,-30.24,0.5963,-0.6608,-0.3948
102.535,13.58,-21.14,-7.91,0.5861,-0.71,-0.4607
102.671,22.19,-4.27,18.34,0.5285,-0.669,-0.4065
102.832,5.6,0.14,-3.36,0.6622,-0.71,-0.3914
102.913,-1.4,-3.29,-2.31,0.6437,-0.732,-0.3982
103.072,-7.07,4.41,3.5,0.5524,-0.7403,-0.4431
103.154,-11.06,9.03,19.74,0.6183,-0.7618,-0.4309
103.269,-20.09,6.86,13.72,0.7642,-0.6427,-0.4309
103.331,-21.63,3.5,-9.94,0.609,-0.6525,-0.5085
103.437,-36.4,7.63,2.8,0.5758,-0.6725,-0.5139
103.578,-56.28,32.13,27.58,0.6222,-0.6002,-0.3953
103.795,65.31,139.09,-12.88,1.0902,-0.8872,0.0776
103.975,182.84,160.37,-68.53,1.1009,-1.1195,0.2952
104.055,187.88,172.97,-76.37,0.9745,-1.0736,0.6046
104.209,194.6,209.16,-86.03,0.7022,0.0571,0.6852
104.29,209.3,260.26,-180.18,-0.1557,-0.2464,1.2756
104.451,127.54,340.41,-218.19,-0.7017,0.307,0.0512
104.53,39.41,435.54,-34.86,-0.6886,0.1893,-0.5344
104.69,-393.61,-321.51,210.42,0.8657,-4.4345,-4.6438
104.77,-1065.4,-1250.34,119.77,4.4769,2.2463,8.1545
104.936,200.06,-13.16,267.96,0.5012,-2.1775,-1.1175
105.013,-163.24,-54.88,247.73,2.44,-3.5009,-1.5797
105.232,-118.58,-111.23,-57.05,0.6588,-1.7954,-0.547
105.314,85.33,0.14,214.97,-0.3816,-1.6133,0.2801
105.535,196.7,-61.53,-162.89,-0.0752,-0.59,-1.1346
105.68,9.24,-76.09,52.78,0.1527,-1.5348,-0.6403
105.895,18.76,-25.69,81.55,0.6144,-1.14,0.0937
105.971,64.96,-19.04,-60.97,0.8418,-0.6354,0.0844
106.132,3.92,52.29,-25.97,0.2259,-0.7769,-0.5056
106.276,-96.18,76.65,13.02,0.1557,-1.3932,0.264
106.37,-96.39,152.67,203.28,0.3299,-1.1854,-0.1991
106.404,-83.58,144.62,99.19,0.3728,-1.1117,-0.3431
106.455,-38.92,85.19,67.97,0.793,-1.1014,-0.6344
106.612,47.95,-44.87,125.3,-0.1523,-0.9472,-0.2011
106.694,46.13,-108.92,122.22,-0.1976,-0.4368,0.0859
106.852,-49.07,-101.43,-127.47,-1.0795,-1.7236,0.2245
106.938,-12.32,-49.14,-6.37,-0.0205,-0.4329,-0.0381
106.996,41.93,-40.6,-206.64,0.6559,0.2533,-0.3035
107.215,-35.42,80.78,-22.75,-0.2474,-1.9871,0.8208
107.296,130.48,184.38,210.56,0.7686,-1.5089,-0.4963
107.455,-7.84,87.29,-113.33,0.7447,-1.1131,0.1288
107.532,-26.46,27.65,-148.89,0.5597,-0.8179,0.5954
107.749,101.08,115.78,-65.59,0.1093,-0.2206,-0.652
107.831,54.81,57.12,69.37,0.9062,-1.8359,0.9775
107.992,-93.94,30.52,21.0,0.3831,-0.3919,0.2513
108.075,-127.05,0.56,-133.49,0.9126,-1.2088,0.5051
108.192,-161.84,-54.6,6.86,-0.0464,-0.7554,0.1357
108.29,-80.36,-44.59,-28.98,0.3479,-1.1063,0.1469
108.373,-98.84,-42.84,-13.09,0.5158,-1.0297,-0.081
108.594,-30.66,-20.37,-84.07,0.5812,-1.1361,-0.1986
108.731,-27.79,14.7,-9.73,0.4168,-0.4651,-0.4036
108.953,68.32,104.3,8.75,1.0819,-0.8379,-0.1654
109.035,133.56,150.57,20.16,1.1985,-0.9501,0.0395
109.19,177.59,183.61,-112.56,1.1424,-1.2351,0.6066
109.272,179.06,177.59,-113.82,0.9897,-0.915,0.7222
109.434,153.86,186.48,-272.79,0.8462,-0.4255,0.8233
109.512,140.91,357.63,-193.13,-0.0303,-0.3221,0.9916
109.67,-73.36,442.33,-189.56,-0.6988,-0.1044,-2.0945
109.85,-314.23,-915.53,-193.9,9.4101,-0.3928,-4.7273
110.036,0.7,-66.64,113.96,1.9022,-2.502,-1.0673
110.113,-136.22,-181.09,105.98,2.4395,-2.0945,-1.5865
110.272,-137.48,-184.45,-5.25,1.5177,-0.9184,-0.3216
110.456,50.68,-43.75,-99.89,0.1771,-0.6612,-0.2381
110.634,87.01,3.78,41.93,0.6847,-1.1941,-0.182
110.692,65.52,-36.19,66.01,0.6969,-0.9804,-0.2728
110.812,57.96,-30.87,81.55,0.3562,-1.3557,-0.3226
110.932,5.39,-18.97,81.34,0.2738,-0.591,-0.6407
111.052,-11.69,110.11,18.9,0.368,-0.916,-0.3328
111.176,19.95,116.97,96.39,0.2669,-1.1849,-0.2723
111.356,40.95,79.52,-58.59,0.4158,-0.9448,0.0151
111.373,23.8,96.95,-40.74,0.5402,-0.895,-0.02
111.43,-5.32,96.32,-75.88,0.3806,-0.7452,-0.162
111.488,-42.21,99.75,-39.34,0.3836,-0.7847,-0.0229
111.592,-97.23,98.77,63.28,0.4192,-0.9823,0.2904
111.712,-74.62,74.48,57.12,0.792,-0.7647,-0.0786
111.894,-47.53,17.5,-45.99,0.4538,-0.8633,0.0903
112.013,23.38,23.1,39.97,0.1142,-0.7989,-0.1762
112.129,37.24,8.68,139.16,0.1723,-1.1668,0.0542
112.15,-3.64,-55.02,75.25,0.1464,-1.1488,0.0303
112.167,-27.16,-56.98,62.37,0.1376,-1.0585,0.0737
112.218,-24.29,-52.71,-47.67,-0.1,-0.8555,-0.2259
112.43,-8.68,31.85,169.47,0.2884,-1.1971,-0.0039
112.512,13.44,22.96,366.17,-0.3582,-0.2503,-0.3884
112.672,-10.22,-29.68,-84.28,-0.0996,-1.485,-0.0161
112.812,-16.8,-35.14,99.54,-0.0288,-0.9809,-0.3372
112.973,-23.52,-53.48,-171.5,-0.0185,-0.8233,-0.2913
113.05,-14.0,-22.61,-222.32,-0.4255,-1.2625,-0.3904
113.211,36.68,25.06,41.02,0.8867,-0.5895,-0.1596
113.293,-19.25,-36.26,-70.84,0.2269,-0.9355,0.5251
113.45,9.59,-105.0,-0.28,-0.9838,-0.9677,-0.0766
113.534,97.3,-136.15,87.85,-0.6129,-1.0243,-0.2445
113.692,45.36,-131.32,-16.87,-0.2103,-1.0716,-0.1732
113.773,15.54,-118.37,-25.62,-0.0639,-1.1658,-0.103
113.93,-33.88,-112.84,9.8,0.0503,-1.3161,0.3767
114.011,39.62,-52.5,6.51,-0.3294,-0.6481,0.0644
114.13,106.05,1.68,59.57,0.2869,-0.7784,0.5675
114.192,83.93,19.74,11.06,-0.0673,-1.1522,0.7632
114.352,60.48,-69.37,213.78,-0.1879,-1.0111,0.6056
114.491,-21.56,-11.2,10.5,-0.0903,-0.8838,0.2128
114.65,-103.25,16.52,-205.66,-0.1308,-1.3264,-0.2655
114.728,-97.79,30.8,-111.72,-0.163,-0.9082,-0.4368
114.832,-167.23,90.37,-267.47,-0.527,-1.8876,0.5358
114.952,-238.63,83.37,-111.51,0.2967,-1.0848,0.3118
115.133,-199.43,120.61,67.41,1.0624,-0.4856,-0.2669
115.256,-44.8,34.23,18.69,0.5768,-0.4997,-0.2094
115.377,-22.4,33.95,33.81,0.7671,-0.5368,-0.2577
115.553,-90.23,8.68,90.09,0.5685,-1.0028,-0.5168
115.672,5.88,35.14,43.26,0.6793,-0.7774,-0.4358
115.798,-8.89,-10.99,26.81,0.6368,-0.937,-0.3523
115.914,-21.07,-19.74,0.49,0.4665,-0.6237,-0.5002
116.034,17.92,38.92,11.13,0.5002,-1.0219,-0.2279
116.152,30.45,85.47,55.44,0.7013,-0.9999,-0.0327
116.272,48.72,124.39,-19.18,0.9345,-1.0355,0.1459
116.452,137.2,144.27,-92.96,1.0463,-1.5211,0.795
116.572,204.19,154.14,-86.59,0.7125,-0.7125,0.8613
116.692,192.85,167.58,-120.4,0.2211,-0.325,0.9794
116.814,185.92,239.54,-135.59,-0.3797,-0.2689,0.8901
116.932,155.4,348.53,-110.25,-0.549,0.1947,-0.2142
117.053,-70.49,226.24,-12.53,-2.6601,-1.5187,-4.2129
117.178,-306.88,-167.09,161.28,-0.5085,-5.0606,-0.5256
117.295,-373.17,-668.36,425.6,0.2303,1.0067,-1.7622
117.413,45.78,-166.95,1.96,2.5356,-2.988,-1.9237
117.532,-174.58,-195.86,223.79,2.32,-1.6641,-0.711
117.592,-133.84,-186.41,-8.82,1.3249,-1.3688,-0.3972
117.652,-37.87,-114.94,-184.87,0.8755,-1.0917,-0.124
117.712,67.69,-57.05,33.53,0.1469,-0.9609,-0.2782
117.772,99.12,-3.5,-3.57,0.3484,-0.854,-0.49
117.832,114.45,-3.01,27.02,-0.0498,-1.2156,-0.6998
117.892,93.17,1.96,37.52,-0.02,-1.28,-0.9526
117.952,58.87,13.79,70.07,0.1,-0.5998,-0.7193
118.012,47.95,2.24,175.84,0.3699,-0.4353,-0.4177
118.072,38.08,-14.42,117.88,0.7164,0.0234,-0.3689
118.132,39.06,-3.78,-58.8,0.0878,-0.6466,-0.6149
118.192,62.51,36.75,-58.24,-0.0322,-1.5206,-0.773
118.254,27.16,86.03,25.06,0.2503,-1.1951,-0.4851
118.312,7.0,106.33,108.64,0.246,-1.0414,-0.2118
118.372,26.11,131.46,146.86,0.0371,-0.5573,-0.3743
118.496,87.85,159.46,98.28,-0.3704,-1.0702,0.2889
118.615,84.35,96.53,3.85,0.5334,-0.9482,-0.3933
118.735,52.71,-69.02,-232.96,-0.5109,-2.0994,1.0687
118.917,-76.72,-38.43,-217.49,0.7891,-0.7447,0.0859
119.096,25.83,58.59,-11.41,0.0683,-1.0038,0.1986
119.217,20.65,-1.12,27.58,-0.08,-1.0707,-0.0395
119.333,20.51,-59.43,-36.12,0.0459,-0.9379,-0.143
119.451,-2.03,-56.0,-35.0,0.9091,-1.5504,-0.2484
119.752,-56.91,83.23,136.57,0.0059,-0.8408,-0.4768
119.875,9.73,-59.78,49.63,-0.2474,-0.8682,0.082
119.991,24.99,-18.97,-97.86,-0.2279,-1.2395,-0.285
120.025,20.16,22.68,-35.0,-0.2513,-1.3928,-0.0991
120.128,9.38,33.74,11.9,0.0503,-0.7335,-0.1815
120.179,-5.11,46.69,-104.3,-0.5017,-1.6294,0.0805
120.235,-10.85,73.36,120.19,0.2274,-0.8906,0.0571
120.374,1.75,26.6,-44.31,-0.0264,-1.1688,-0.1074
120.494,23.73,23.03,39.13,0.1708,-0.8716,-0.1337
120.61,12.04,8.61,26.53,-0.0615,-1.0155,-0.2298
120.67,15.05,0.91,42.49,0.0537,-1.2952,-0.1308
120.836,50.54,22.4,107.94,-0.5148,-1.059,0.1049
120.971,11.13,50.4,63.35,-0.6242,-0.8686,-0.0566
121.091,-18.27,36.75,-61.46,-0.467,-0.8989,-0.1488
121.253,38.78,5.74,57.26,-0.3636,-0.8037,0.0381
121.331,39.83,-51.31,9.24,0.5529,-0.9409,0.3192
121.616,28.56,18.06,20.72,-0.5783,-0.8008,-0.2176
121.696,32.41,12.6,62.23,-0.6139,-0.7681,-0.1064
121.812,2.1,0.98,4.34,-0.3167,-0.8686,0.0337
121.934,-6.58,-40.53,-38.22,-0.6612,-1.0555,0.1937
122.09,-32.41,-34.16,-95.55,-0.3157,-1.0878,0.3689
122.336,-2.8,-73.5,-83.44,0.1342,-0.7876,0.1459
122.473,14.0,-52.29,0.35,-0.2547,-0.9765,0.2577
122.65,8.75,-75.39,-95.55,0.2977,-1.3054,0.0264
122.776,-1.26,-55.86,52.43,-0.2137,-1.1175,0.059
122.932,9.45,-13.44,44.73,0.5734,-0.3426,-0.1908
123.011,-78.96,-17.29,-172.2,-0.3865,-1.4015,-0.1313
123.232,-0.56,-66.08,56.98,0.7056,-0.8974,0.2338
123.308,-7.84,-92.75,-115.36,0.0893,-1.4738,-0.0107
123.412,44.52,0.63,86.73,-0.5968,-1.3313,-0.8228
123.473,49.35,4.34,127.96,-0.4329,-1.4782,-1.0507
123.595,32.48,19.11,168.49,0.5139,-0.8569,-0.3577
123.713,67.34,9.24,183.54,-0.0342,-0.8023,-0.0342
123.892,51.66,3.36,-200.2,-0.3645,-0.5597,-0.3162
124.013,20.37,92.82,263.48,0.5344,-1.3967,1.6773
124.132,57.4,43.33,-75.74,3.9806,-0.2167,-0.6783
124.253,-9.45,-33.46,-327.04,0.2025,-1.5226,-0.2826
124.434,-3.29,-48.44,-78.05,0.631,-0.8691,-0.3367
124.557,24.99,-26.46,25.62,0.6139,-1.0653,0.0991
124.672,-109.55,-68.81,-46.62,0.4709,-0.7066,-0.0151
124.793,-76.3,6.65,34.51,0.426,-0.8682,-0.0078
124.912,-63.28,21.77,-2.94,0.774,-0.6329,-0.1557
125.039,-32.27,17.36,-95.13,0.6783,-0.4202,-0.2255
125.158,18.34,31.36,3.43,0.995,-0.9799,-0.1815
125.275,-78.19,-33.95,9.94,0.3338,-0.4768,-0.3387
125.392,-18.83,6.93,78.33,0.7125,-0.9023,-0.1557
125.513,-8.54,42.49,58.73,0.6442,-0.753,-0.2567
125.633,4.69,63.91,-19.95,0.6803,-0.8579,-0.2098
125.753,12.04,62.44,-27.16,0.6632,-0.6808,-0.0278
125.934,12.25,47.25,-6.72,0.9501,-0.8916,0.4465
126.172,109.55,55.86,-24.15,0.8184,-1.1893,0.712
126.353,136.57,194.04,-254.1,0.3226,-0.0932,1.0346
126.469,178.99,262.36,-107.66,-0.3582,-0.2786,0.9931
126.486,143.5,428.26,-179.41,-0.1552,-0.0029,0.6647
126.503,114.17,456.68,-138.81,-0.1083,0.041,0.4099
126.55,15.26,465.78,-309.75,-0.8091,0.0922,-0.3665
126.714,-454.79,-373.94,271.6,0.9794,-2.6357,-3.475
126.791,-570.43,-499.1,-24.29,-6.0292,-7.2453,3.7522
126.91,28.28,-71.61,151.06,-0.71,0.2806,-1.769
127.03,-95.97,-97.79,115.22,2.784,-3.0632,-1.9876
127.109,-247.17,-171.22,24.29,2.1506,-2.1574,-0.6173
127.147,-171.92,-147.14,-53.69,2.0955,-1.5919,-0.5944
127.191,-92.89,-116.27,-75.67,1.5123,-1.7832,-0.0512
127.312,-77.49,-105.21,-104.79,0.284,-0.8794,-0.1796
127.433,72.45,-28.91,-14.84,0.487,-0.9457,-0.4114
127.555,63.07,-54.6,-60.48,0.3396,-0.8813,-0.5866
127.613,71.47,-24.15,-15.47,0.2869,-0.6983,-0.2635
127.731,134.26,-3.92,-37.17,0.6222,-0.7481,-0.3231
127.765,160.09,-4.83,-3.64,0.4826,-0.8008,-0.4675
127.853,172.27,-7.84,31.43,0.6046,-1.0702,-0.3167
127.912,111.23,5.67,-32.83,0.7452,-0.8291,-0.1122
128.053,12.88,36.05,-88.55,1.2093,0.469,0.4451
128.211,98.28,87.01,39.9,0.2908,-1.199,0.5963
128.296,90.23,82.67,92.54,0.3035,-0.8477,0.5636
128.45,23.59,97.51,168.28,0.0332,-1.2932,0.6198
128.536,-48.16,101.85,114.24,0.2015,-1.1873,0.5807
128.691,-94.36,16.66,21.07,-0.2708,-0.9374,0.7964
128.775,-96.53,18.9,50.12,-0.4734,-1.0097,0.8852
128.934,-44.73,16.59,5.04,-0.4982,-0.7925,0.3997
129.011,-49.49,30.03,4.27,-0.5651,-0.9843,0.2167
129.11,-34.16,62.51,25.06,-0.4963,-0.5417,-0.0078
129.146,-17.71,58.38,24.57,-0.4114,-0.6964,-0.0405
129.191,-2.45,52.78,-3.92,-0.4392,-0.7257,0.0102
129.41,-14.42,31.85,-48.3,-0.5217,-1.0853,-0.0059
129.492,-28.7,54.74,-33.95,-0.5871,-0.9765,0.0205
129.654,29.96,51.73,-10.29,-0.2611,-0.795,-0.1742
129.731,33.39,42.42,-16.17,-0.283,-0.9711,-0.181
129.894,16.38,22.19,0.98,-0.304,-0.975,-0.022
129.972,9.17,11.2,28.14,-0.2298,-1.0189,-0.1688
130.191,9.38,-10.92,4.13,-0.2577,-0.9828,-0.1108
130.268,10.78,-16.52,6.65,-0.3187,-1.0292,-0.0922
130.314,15.54,-17.71,-18.27,-0.3963,-0.9243,-0.063
130.432,23.66,-12.18,-26.18,-0.3914,-0.9238,0.0161
130.555,27.72,-6.44,15.26,-0.3231,-0.8696,0.1703
130.733,2.66,6.65,20.16,-0.222,-1.0624,0.0586
130.852,0.56,10.15,-11.69,-0.1332,-0.8999,0.0298
130.974,18.06,11.76,-38.92,-0.1362,-1.1117,0.0639
131.092,5.18,20.02,-27.51,0.0063,-0.9975,0.0185
131.217,2.87,1.75,-24.08,-0.1103,-0.9521,-0.063
131.332,11.55,-7.56,-11.69,-0.1937,-1.465,-0.1947
131.454,-14.49,-24.64,32.13,-0.2889,-0.7759,0.3719
131.572,-4.41,-29.26,-24.15,-0.1381,-0.8804,-0.0869
131.693,31.22,-30.38,-1.68,-0.1991,-0.9448,0.0664
131.813,12.81,-34.58,-24.64,-0.2411,-0.7784,0.1313
131.938,-4.48,-23.45,8.05,-0.2879,-1.3381,0.3172
132.052,-38.01,-9.24,0.98,-0.2084,-1.259,0.0517
132.172,-14.7,8.33,4.76,-0.082,-0.9106,0.0805
132.291,4.34,21.49,-12.32,-0.0102,-0.9833,0.1313
132.415,9.52,39.55,15.61,0.1152,-0.9506,0.0112
132.533,12.74,24.85,8.19,0.0547,-1.0028,-0.1044
132.653,22.4,-1.61,-15.33,-0.203,-1.2615,-0.0942
132.772,9.52,-0.98,-5.88,-0.1913,-1.1488,-0.0127
132.951,-6.72,15.61,29.05,-0.2679,-0.7496,-0.0063
133.073,44.38,9.59,-20.37,-0.0703,-0.6695,0.0444
133.195,46.83,-2.24,-21.63,-0.1576,-0.9858,0.2137
133.373,9.66,3.99,-16.03,-0.0747,-1.4513,0.1825
133.494,-8.61,23.38,9.03,-0.1625,-1.198,0.3055
133.612,-27.02,44.31,11.97,0.0673,-0.7608,0.1347
133.733,15.54,34.58,26.74,0.0342,-1.2717,-0.1274
133.911,16.24,-9.73,-12.74,-0.284,-0.9043,-0.2855
133.945,35.42,-1.68,-41.72,-0.1215,-1.3742,-0.2816
133.974,21.77,3.01,-17.85,0.0595,-1.6543,-0.2191
134.036,-61.04,-17.29,118.02,0.1732,-1.5777,0.5168
134.112,-92.96,-7.42,15.54,-0.1464,-0.9311,0.0024
134.396,17.71,-20.23,-81.06,0.1298,-1.038,0.2708
134.513,-10.92,54.18,-12.67,0.021,-1.6431,0.4743
134.59,22.19,98.49,39.9,0.5334,-0.7676,0.5075
134.753,185.29,170.38,-5.25,0.3567,-0.9794,0.6539
134.833,194.32,140.77,60.06,0.2572,-0.813,0.6115
135.051,4.13,-6.09,13.86,-0.5475,-1.7226,0.6622
135.191,-289.24,-35.07,-133.0,-0.2562,-0.9296,1.0199
135.413,-76.23,-43.68,40.6,-0.1859,-0.7701,0.5314
135.495,-68.25,-31.29,1.75,-0.0869,-0.9906,0.4412
135.65,-7.98,-5.53,-43.54,-0.3631,-1.0585,0.5817
135.736,35.77,23.8,-1.89,-0.2821,-1.1653,0.5793
135.893,153.86,49.14,-19.04,0.0527,-1.18,0.4343
135.973,162.19,39.41,-43.05,0.0693,-0.8764,0.425
136.135,85.12,15.05,6.86,-0.0698,-1.0726,0.2445
136.211,47.11,1.26,84.91,-0.0415,-1.0477,0.0483
136.371,-209.02,-22.89,-31.57,-0.5451,-1.3825,0.6686
136.512,-198.8,31.01,33.6,-0.1249,-0.7354,-0.0088
136.671,-220.78,-16.17,-63.91,0.1078,-0.9697,0.3494
136.77,-67.48,-37.73,4.13,-0.1796,-0.712,-0.3396
136.912,49.07,10.22,-70.91,-0.4246,-1.1736,-0.0498
136.994,160.16,38.57,-31.78,-0.2069,-0.9643,-0.1796
137.156,260.19,38.71,71.75,0.2713,-0.9292,-0.1879
137.231,244.37,-1.05,96.46,0.2772,-0.283,0.57
137.349,155.82,-36.33,30.73,-0.3518,-1.8456,0.7701
137.455,80.08,-14.84,-231.77,-0.122,-0.8989,0.7427
137.531,37.59,0.91,-186.27,0.0298,-0.4265,0.3323
137.753,-57.96,-4.9,-37.03,-0.2284,-0.5309,0.7735
137.838,-80.08,-24.22,124.81,-0.0527,-0.5266,0.8813
137.991,-143.22,-69.37,19.04,0.1357,-1.0004,0.5958
138.071,-224.07,-111.3,-273.91,0.913,-2.4224,1.3308
138.236,-42.77,-14.42,20.09,-0.1166,-0.5022,0.1449
138.31,24.71,49.7,-82.6,0.1557,-0.4885,0.2967
138.41,37.59,68.95,12.67,0.2962,-0.9028,0.245
138.444,27.37,60.13,27.86,0.4753,-0.9614,0.1503
